INSERT INTO USER VALUES (101,'RAMESH','M','99121836899',35,'1990-08-10');
INSERT INTO USER VALUES (118,'PARDHIV','M','7356282857',20,'2005-06-21');
INSERT INTO USER VALUES (211,'GEETHA','F','9898346582',25,'2000-11-08');

INSERT INTO STATION VALUES (1,'SECUNDERABAD','SECUNDERABAD','TELANGANA','SOUTH',10);
INSERT INTO STATION VALUES (7,'MUMBAI ','MUMBAI','MAHARASTRA','WEST',8);
INSERT INTO STATION VALUES (17,'HAZUR SAHIB NANDED','NANDED','MAHARASTRA','WEST',6);
INSERT INTO STATION VALUES (21,'TIRUPATHI','TIRUPATHI','ANDRAPRADESH','SOUTH',6);
INSERT INTO STATION VALUES (8,'GUNTUR','GUNTUR','ANDRAPRADESH','SOUTH',6);

INSERT INTO TICKET_STATUS VALUES 
(1, 'CONFIRMED'),
(2, 'WAITING'),
(3, 'CANCELLED');

INSERT INTO TRAIN VALUES 
(12733, 'GODAVARI EXPRESS', 1, 7, 1200, '2025-07-05 05:00:00'),
(17299, 'NANDED EXPRESS', 17, 1, 1000, '2025-07-05 09:00:00'),
(14388, 'TIRUPATHI INTERCITY', 21, 8, 800, '2025-07-06 06:30:00');

INSERT INTO BOOKED VALUES 
(101, 12733),  
(118, 14388),  
(211, 17299), 
(211, 12733); 

-- GODAVARI EXPRESS (12733): SECUNDERABAD -> MUMBAI
INSERT INTO TRAIN_STOP VALUES 
(12733, 1, '05:00:00', '05:10:00', 1),   -- SECUNDERABAD
(12733, 17, '10:00:00', '10:05:00', 2),  -- NANDED (intermediate)
(12733, 7, '20:00:00', '20:10:00', 4);   -- MUMBAI

-- NANDED EXPRESS (17299): NANDED -> SECUNDERABAD
INSERT INTO TRAIN_STOP VALUES 
(17299, 17, '09:00:00', '09:10:00', 1),  -- NANDED
(17299, 8, '13:00:00', '13:05:00', 3),   -- GUNTUR (intermediate)
(17299, 1, '17:00:00', '17:05:00', 5);   -- SECUNDERABAD

-- TIRUPATHI INTERCITY (14388): TIRUPATHI -> GUNTUR
INSERT INTO TRAIN_STOP VALUES 
(14388, 21, '06:30:00', '06:40:00', 2),  -- TIRUPATHI
(14388, 1, '12:00:00', '12:10:00', 3),   -- SECUNDERABAD (intermediate)
(14388, 8, '16:00:00', '16:10:00', 4);   -- GUNTUR

INSERT INTO PRICING (CLASS, BASE_FARE, EXTRA_FARE) VALUES
('1AC', 2000.00, 300.00),
('2AC', 1500.00, 200.00),
('3AC', 1000.00, 100.00),
('SLEEPER', 500.00, 50.00),
('GENERAL', 200.00, 0.00);


INSERT INTO TICKET VALUES
(1001, 'PNR1001', 101, 12733, 1, '2025-07-06', '1AC', 2300.00),  
(1002, 'PNR1002', 118, 14388, 2, '2025-07-07', 'GENERAL', 200.00),
(1003, 'PNR1003', 211, 17299, 1, '2025-07-07', '2AC', 1700.00),   
(1004, 'PNR1004', 211, 12733, 3, '2025-07-08', 'SLEEPER', 550.00),
(1005, 'PNR1005', 101, 14388, 1, '2025-07-09', '3AC', 1100.00);  

INSERT INTO PAYMENT VALUES
(501, 1001, 101, 2300.00, 'CREDIT_CARD', '2025-07-01 14:20:00', 'PAID'),
(502, 1002, 118, 200.00, 'UPI', '2025-07-02 09:00:00', 'PENDING'),
(503, 1003, 211, 1700.00, 'DEBIT_CARD', '2025-07-02 10:30:00', 'PAID'),
(504, 1004, 211, 550.00, 'UPI', '2025-07-03 11:00:00', 'REFUNDED'),
(505, 1005, 101, 1100.00, 'NET_BANKING', '2025-07-03 12:00:00', 'PAID');

INSERT INTO USER VALUES 
(301, 'VENKATESH', 'M', '9845123456', 65, '1960-07-04');

INSERT INTO TICKET VALUES
(1006, 'PNR1006', 301, 12733, 1, '2025-07-10', 'SLEEPER', 450.00);

INSERT INTO PAYMENT VALUES
(506, 1006, 301, 450.00, 'CASH', '2025-07-04 09:45:00', 'PAID');














 
